0,wound
1,ever.
2,overcome.
3,pardon
4,fig.
5,better.
6,tormenting
7,yellow
8,four
9,sleep
10,hanging
11,appetite
12,oldest
13,hate
14,consider
15,up.
16,whose
17,flash.
18,canes
19,&apos;t.
20,spirituality
21,enough.
22,scold
23,presents
24,unsteadiness
25,certain
26,hardness
27,daze
28,under
29,teaching
30,sped
31,pride
32,worth
33,merchant
34,rational
35,been.
36,eyes--he
37,void
38,advice.
39,forties
40,every
41,today.
42,month
43,clanged.
44,look
45,bitter
46,school
47,receiving
48,uttering
49,scholar
50,unrest
51,skills
52,cause
53,loneliness
54,present.
55,humidity
56,red
57,wavered
58,roundness
59,heading
60,clothes
61,landlords
62,ornamental
63,parted
64,force
65,her.
66,tired
67,lustre
68,me.
69,direct
70,locked.
71,equal.
72,depraved
73,second
74,street
75,admitted.
76,perfected.
77,oneness
78,others.
79,chin.
80,colourful
81,shining
82,atman
83,strangest
84,errors
85,hide
86,kamaswami.
87,religious
88,hesitation
89,fingers
90,poison
91,liberated
92,worser
93,rest.
94,above
95,leave.
96,new
97,net
98,increasing
99,ever
100,withering
101,seeks
102,told
103,relationships
104,agreement
105,sakyamuni.
106,screams
107,friendship.
108,men
109,richest
110,here
111,herd
112,reported
113,resounded
114,grooves
115,ferryman.
116,represented
117,path
118,destitute.
119,celebration
120,dry
121,property
122,daughter
123,sitting.
124,ill.
125,rests
126,slow
127,study
128,changed
129,enchanted.
130,reports
131,finger.
132,saint
133,permit
134,listening.
135,suitable
136,settled
137,error.
138,eyebrows
139,golden
140,buddha--night
141,reeds
142,straw
143,sweetest
144,highly
145,brought
146,visible
147,suffered
148,guests
149,drowned
150,glance
151,spoke
152,would
153,coins
154,arms
155,inevitable
156,boars
157,call
158,therefore
159,violently
160,strike
161,unconscious.--when
162,right.
163,delude
164,tell
165,breathe
166,delicacy
167,holy
168,evening
169,sorrow.
170,aware
171,parade
172,glass
173,sobering
174,jetavana
175,midst
176,hold
177,pouch
178,must
179,me
180,word
181,wore
182,err
183,ecstasy
184,work
185,reads
186,roof
187,arm.
188,ere
189,obstacle
190,era
191,deprived
192,waiting.
193,my
194,example
195,ascetic
196,inscription
197,simultaneousness
198,give
199,inscrutable
200,india
201,shore.
202,honey
203,pilgrims.
204,woman
205,loaning
206,want
207,hurrying
208,mouth.
209,around.
210,fragrants
211,end
212,actions
213,turn
214,provide
215,agony
216,puzzled
217,how
218,hot
219,said.
220,boats
221,gate
222,ordinary
223,fool
224,truthful
225,tiredly
226,badly
227,both.
228,arcs
229,believers
230,wavers
231,after
232,travels--not
233,loyalty
234,food.
235,wrong
236,uncertain.
237,lay
238,curiosity
239,biting
240,pondered.
241,law
242,meaningful
243,purchase
244,austere
245,boat.
246,third
247,hasty
248,attracts
249,think
250,complaining
251,interior
252,green
253,ultimate
254,enter
255,operate
256,order
257,wind
258,wine
259,thirty
260,blind
261,modesty
262,devote
263,welcomed
264,sprout
265,over
266,listlessness
267,satisfied
268,parts
269,pampered
270,ashamed.
271,down.
272,japan
273,intoxicated
274,clapped
275,before
276,glances
277,then.
278,died.
279,cornucopia
280,somewhere
281,recognised
282,occupations
283,writing
284,better
285,fig
286,paths.
287,closed.
288,hidden
289,shadow.
290,overcome
291,harmony
292,destiny.
293,then
294,them
295,predecessor
296,woken
297,vasudeva
298,exhaling
299,safe
300,pumpkin-seeds
301,scene
302,commemorate
303,basics
304,drinking
305,reaches
306,they
307,ranting
308,one
309,silver
310,bank
311,bread
312,rumour
313,meat
314,holiness
315,rocks
316,benevolent
317,filling
318,leaned
319,arrow
320,each
321,went
322,non-self.
323,side
324,bone
325,mean
326,calmly
327,snakes
328,garment
329,initiate
330,stronger
331,bowls
332,celebrating
333,taught
334,practising
335,flock
336,sounds
337,--has
338,self.
339,merchants
340,overcame
341,potion.
342,business-deal
343,god
344,tales
345,sighing
346,forty
347,content
348,jetavana.
349,is.
350,heavenly
351,got
352,newly
353,fallen.
354,forth
355,outburst
356,agonising
357,turning
358,eternal
359,given
360,free
361,mourning
362,thieves
363,skin.
364,disputes
365,struggle
366,participate
367,sadly
368,enlightened
369,wanted
370,song-bird
371,shaggy
372,began.
373,created
374,pondering.
375,starts
376,days
377,standstill.
378,renew
379,musicians
380,oppose
381,isn
382,inwardly.
383,loud
384,sales-contract
385,merchant.
386,chopped
387,enjoy
388,already
389,features
390,too.
391,rank
392,hearing
393,lovable
394,blissful.
395,instruct
396,blossomed
397,another
398,infused
399,thoughtfully
400,twitched
401,worries.
402,reward.
403,dwelt
404,service
405,wants.
406,tiredly.
407,girls
408,circle--
409,plentiful
410,needed
411,shiver
412,master
413,too
414,dwell
415,legs
416,child-like
417,listen
418,consented
419,troubled
420,weddings
421,stolen.
422,thousandfoldness
423,happily
424,villages
425,serve
426,took
427,rejected
428,wisdom
429,nirvana
430,task
431,somewhat
432,was.
433,evil
434,healed
435,unsaid
436,gambler
437,past
438,anxiety
439,target
440,showed
441,body.
442,tavern
443,disappointments
444,bloated
445,solemnity
446,tree
447,nations
448,girl.
449,precocious
450,exclaimed
451,to.
452,speaking
453,childlike
454,threadbare
455,feeling
456,solely
457,desperate
458,willingness
459,ran
460,mind
461,mine
462,anybody
463,talking
464,fervour
465,well.
466,manner
467,prajapati
468,seem
469,seek
470,circle.
471,contents
472,forced
473,strength
474,realm
475,cottages
476,laden
477,thoroughly
478,latter
479,sound.
480,isolated
481,eagerly
482,chest
483,breathe.
484,absorbed
485,luxury
486,doors
487,laughed
488,bamboo-wood.
489,pilgrimage
490,willing.
491,circles
492,even
493,disembarking
494,committing
495,though
496,monk
497,amusedly.
498,mouth
499,long.
500,letter
501,exercises
502,correctly.
503,difficulties.
504,glow
505,don
506,special
507,real.
508,grove
509,verses.
510,flow
511,dog
512,breathes
513,definitely
514,calmness
515,gratefully
516,deeply
517,breathed
518,mating
519,annoyed
520,came
521,discontent
522,simultaneously
523,hunger
524,nodded
525,visitor
526,random
527,penitent.
528,chore
529,ending
530,attempts
531,abilities
532,bamboo-raft
533,earth
534,enjoyed
535,lessons
536,ear.
537,busy
538,divinity
539,consciousness
540,spite
541,explain
542,folded
543,mysterious.
544,bliss
545,touched
546,rich
547,pursuing
548,mend
549,rice
550,wearing
551,do
552,banana-skin.
553,stammered
554,stop
555,listened.
556,preferred
557,penitents
558,listen.
559,wedding
560,ferryman
561,carries
562,learned
563,earn
564,little.
565,jaguar
566,sky.
567,nicely
568,fields
569,rumbling
570,twice
571,bad
572,softly
573,situation.
574,void--
575,them.
576,movement
577,steal
578,ears
579,brothers.
580,fragrant
581,blew
582,unworthy
583,human
584,fair
585,dwells
586,imitate
587,hasn
588,convey
589,richer
590,observed
591,stammeringly
592,decided
593,discussions
594,miserable
595,activities
596,best
597,subject
598,said
599,capacity
600,guilt
601,shaven
602,lots
603,men.
604,away
605,sail
606,gentleman
607,shaved
608,droves
609,mud
610,deceptively
611,finger
612,meditative
613,scorn
614,drawn
615,vices
616,tolerance
617,profits
618,rice-cake.
619,warrior
620,we
621,never
622,involved.
623,rolled
624,smelled
625,fruits
626,weak
627,however
628,stared
629,rivers
630,anathapindika
631,wear
632,dismembered
633,news
634,hundreds
635,overestimated
636,vedas
637,received
638,protect
639,sacrificing
640,talked.
641,met
642,country
643,conclusions
644,heating
645,against
646,games
647,lot.
648,faces
649,self-denial.
650,distinction
651,argue
652,asked
653,peacefully
654,skill
655,travels.
656,tone
657,affectionately
658,vexed
659,appeared
660,character
661,doubt.
662,excess
663,money.
664,gathering
665,height
666,offerings
667,hers
668,realised
669,trust
670,presumable
671,speak
672,now.
673,petty
674,eager
675,teacher.
676,ropes
677,smash
678,fro
679,three
680,been
681,quickly
682,startled
683,interest
684,expected
685,transformed
686,entered
687,lovely
688,business.
689,duties
690,threw
691,obtained
692,life
693,fleeting
694,easy
695,spit
696,concerning
697,sunshine
698,worker
699,speeches
700,craft
701,atoned
702,child
703,catch
704,worked
705,voices
706,save
707,fornicator
708,ferry.
709,dissect
710,fall.
711,bee.
712,air
713,aim
714,ugly
715,near
716,melted
717,parched
718,teachers
719,ferry-boat
720,kamala.
721,cracked
722,voice
723,leaves
724,over.
725,thought.
726,played
727,trees.
728,is
729,distorted
730,it
731,defeated
732,counterpart.
733,foolishness
734,watching
735,in
736,elevation
737,plunge
738,sedan-chair.
739,accepted.
740,if
741,grown
742,storage-rooms
743,containing
744,heart.
745,shimmering
746,perform
747,things
748,make
749,admiration
750,hastiness.
751,yourself.
752,glistening.
753,forehead
754,split
755,worry.
756,several
757,immensely
758,showing
759,wheel
760,outside
761,boiled
762,progressed
763,loincloth
764,hang
765,foolishness.
766,rain
767,hand
768,delight
769,waterfall
770,dark
771,nurtured
772,greedily
773,thoughts
774,cycle
775,wasn
776,kept
777,immaterial
778,paralysed
779,peacocks
780,possessed
781,failing
782,game
783,healing
784,thing.
785,greatest
786,mother
787,hearts
788,the
789,yours
790,left
791,opinions
792,answering
793,just
794,gods
795,forsaken
796,aside
797,verses
798,identify
799,thanks
800,victim
801,depart
802,yes
803,yet
804,impending
805,previous
806,useless.
807,orgies
808,arrow-fast
809,infinitely
810,step.
811,regarded
812,indispensable
813,had
814,salutations.
815,tired.
816,spread
817,obedient
818,beloved
819,has
820,gave
821,atharva-veda
822,desire
823,submissive
824,ago.
825,maya
826,casually
827,boasted
828,posed
829,possible
830,required.
831,possibly
832,businessmen
833,birth
834,performance
835,judge
836,dreamt
837,shadow
838,sleep.
839,burnt
840,crying--he
841,dreams
842,apart
843,shoulder
844,melting
845,intertwined
846,gift
847,patience
848,zeal
849,ointments
850,spared
851,performing
852,arrivals
853,specific
854,steps
855,night
856,hung
857,opinions.
858,whomever
859,cooled
860,right
861,old
862,crowd
863,people
864,understand
865,deaf
866,cheeks.
867,dead
868,sponge
869,beheld
870,--but
871,displeasure
872,escape
873,dear
874,straightening
875,left.
876,perfected
877,enemies
878,nobleman
879,for
880,gotama
881,zealous.
882,ice
883,plucked
884,everything
885,squeeze
886,asking
887,honoured
888,summoned
889,pondered
890,beating
891,old--could
892,gray.
893,core
894,unexpressable
895,bold
896,peel
897,hyaenas
898,chest.
899,disappeared
900,deadly
901,veneration
902,losing
903,told.
904,bury
905,properties
906,takes
907,wept
908,restlessness
909,uniformity
910,impenetrable
911,conceal
912,theirs
913,months
914,o
915,plunging
916,dinner
917,despair
918,afternoon
919,companion.
920,commit
921,lacked
922,slightly
923,croak
924,bath
925,sob
926,for.
927,lied
928,wasting
929,guard.
930,garment.
931,delighted
932,son
933,down
934,lies
935,beings
936,insult
937,frightened
938,awe
939,refuse.
940,strangely
941,existed
942,despised
943,fields.
944,waits
945,support
946,constantly
947,struggling
948,payment
949,why.
950,stuck
951,seeker
952,way
953,greatness
954,music
955,was
956,war
957,happy
958,confessing
959,head
960,offering
961,offer
962,conceptions.
963,becoming
964,bite
965,face--and
966,so.
967,garments
968,heat
969,hear
970,re-birth
971,astonished
972,what.
973,removed
974,true
975,hands.
976,humiliate
977,patient.
978,throw
979,injury
980,pavilion
981,birds--he
982,born
983,distress.
984,inside
985,strongest
986,until
987,crystal
988,manifestations
989,anew
990,slurred
991,wait.
992,curious.
993,emit
994,hurriedly
995,brightly
996,much.
997,rested.
998,samaveda
999,wetness
1000,fattened
1001,proven
1002,die.
1003,prayer
1004,shines
1005,love--he
1006,mold
1007,scriptures--
1008,physical
1009,willingly
1010,courtesan
1011,song.
1012,faithful
1013,dying
1014,no
1015,tip
1016,bed.
1017,handed
1018,offerings.
1019,uttered
1020,shins.
1021,setting
1022,holding
1023,test
1024,tie
1025,smell
1026,roll
1027,butterfly.
1028,eternity
1029,picture
1030,intend
1031,brothers
1032,shine.
1033,cheat
1034,felt
1035,run-away
1036,polite
1037,transported
1038,taste
1039,fell
1040,intent
1041,propelling
1042,wounded
1043,rolling
1044,entrust
1045,hurt
1046,servants.
1047,died
1048,grief
1049,younger
1050,castaway
1051,longer
1052,bees
1053,paces
1054,paper.
1055,bottom
1056,chess-board
1057,together
1058,grateful.
1059,beds
1060,fasted
1061,teeth
1062,penance.
1063,paced
1064,songs
1065,shop
1066,managed
1067,chain
1068,eternally
1069,dance
1070,ripened
1071,relieve
1072,branches
1073,guest
1074,mild
1075,daytime
1076,grateful
1077,skin
1078,understandable
1079,childlike.
1080,rot
1081,milk
1082,layers
1083,certainly
1084,suicide
1085,sloth.
1086,foaming
1087,deceitful
1088,accept.
1089,striving
1090,bitter.
1091,father
1092,answered
1093,charge
1094,praised
1095,text
1096,questions.
1097,sing
1098,stove
1099,wrestled
1100,upriver
1101,exalted
1102,none
1103,seemingly
1104,soul.
1105,gloomy
1106,bustle
1107,advised
1108,join
1109,savathi
1110,pious
1111,child.
1112,room
1113,dim
1114,perceived
1115,gambled
1116,clouds
1117,presented
1118,did
1119,die
1120,leave
1121,solved
1122,insights
1123,drunkard.
1124,burned
1125,quick
1126,woven
1127,round
1128,shave
1129,upper
1130,spiritual
1131,talked
1132,slower
1133,sigh
1134,else.
1135,discover
1136,samana.
1137,blue
1138,invaded
1139,crescent
1140,comforting
1141,hair.
1142,patient
1143,mean.
1144,penetrated
1145,essence
1146,bark.
1147,imagined
1148,contracted
1149,uniform
1150,peels
1151,badly.
1152,times--but
1153,suspect
1154,saw.
1155,shared
1156,falling
1157,appeal
1158,live.
1159,filled
1160,dust.
1161,satisfy
1162,hairs
1163,realizations
1164,understanding
1165,water
1166,samanas
1167,shivers
1168,akin
1169,alone
1170,say.
1171,along
1172,searching.
1173,teaches
1174,teacher
1175,change
1176,wait
1177,boy
1178,male
1179,noticeable
1180,impatiently
1181,dusty
1182,root
1183,earned
1184,wherever
1185,bow
1186,fellow-members
1187,simultaneous
1188,dreamt.
1189,here.
1190,hospitality
1191,weird
1192,shook
1193,nowhere
1194,pause
1195,love
1196,myself.
1197,felt.
1198,vanities
1199,merely
1200,prefer
1201,marked
1202,cloak
1203,ailing
1204,conducting
1205,rarely
1206,sweets
1207,fortunes--why
1208,everybody
1209,dreamed
1210,wealth
1211,working
1212,lose
1213,sake
1214,angry
1215,burn.
1216,tears
1217,live
1218,going
1219,emptiness
1220,opposed
1221,memory
1222,enriched
1223,today
1224,loving
1225,roared
1226,entrance
1227,laughs
1228,repentance
1229,drown
1230,everywhere
1231,virtue
1232,hesitated
1233,blood.
1234,highway-robber
1235,bank.
1236,effort
1237,quickly.
1238,flourished
1239,tasted.
1240,valued
1241,naughtiness
1242,avoiding
1243,originally
1244,soul
1245,means.
1246,believes
1247,nuisance
1248,street-vendor
1249,can
1250,believed
1251,making
1252,light.
1253,dispute
1254,laughter
1255,slightest
1256,petrifying
1257,admired
1258,dedicated
1259,nursing
1260,stream
1261,reciprocate
1262,confused
1263,teachers.
1264,heard
1265,performed
1266,allowed
1267,handle
1268,reminded
1269,stole
1270,breaking
1271,conflict
1272,unwavering
1273,rays
1274,fuming
1275,spreads
1276,soiling
1277,innumerable
1278,monks.
1279,resolution
1280,pure
1281,speaks
1282,undertook
1283,etched
1284,cowered
1285,fire.
1286,staying
1287,mat
1288,confess
1289,may
1290,freezing
1291,eighty
1292,disgusted
1293,grass.
1294,mankind
1295,such
1296,suck
1297,destructive
1298,revealed
1299,grow
1300,man
1301,beg.
1302,cheerfulness.
1303,natural
1304,neck
1305,succeeded
1306,conscious
1307,whenever
1308,scolding
1309,tale
1310,inform
1311,thorny
1312,mango
1313,so
1314,deceive
1315,unleash
1316,basket
1317,tall
1318,memory.
1319,increase
1320,pulled
1321,talk
1322,imagining
1323,no.
1324,comfort
1325,shoes
1326,fish.
1327,indeed
1328,pointed
1329,wishing
1330,years
1331,course
1332,emptiness.
1333,pre-birth
1334,shake
1335,cold
1336,still
1337,birds
1338,tendency
1339,limbs
1340,apes
1341,group
1342,perceived.
1343,prosper.
1344,torn
1345,field.
1346,stupidity
1347,forms
1348,arrow.
1349,window
1350,creations
1351,dead.
1352,farmer
1353,tiredness.
1354,main
1355,feats
1356,instantly
1357,bird.
1358,modestly
1359,lonely
1360,courtesans.
1361,freshly
1362,gray
1363,smarter
1364,bashful
1365,lunch
1366,year.
1367,touching
1368,half
1369,not
1370,lustful
1371,now
1372,killed
1373,nor
1374,possess
1375,shouted
1376,name
1377,feverish
1378,thankful
1379,servant
1380,beach
1381,drop
1382,form.
1383,locked
1384,soon.
1385,rock
1386,veins
1387,entirely
1388,hers.
1389,poem.
1390,coconut-milk.
1391,elephants
1392,thousand-fold
1393,gaps
1394,farewell
1395,entering
1396,year
1397,happen
1398,dripped
1399,sunrise
1400,small.
1401,living
1402,ultimately
1403,rebirths.
1404,opened
1405,enjoyable
1406,space
1407,profit
1408,feathers.
1409,thirst
1410,looking
1411,attracted
1412,contained
1413,priest
1414,emerged
1415,petitioned
1416,current
1417,squares
1418,whispered.
1419,consciousness.
1420,virtues
1421,attended
1422,annoyance
1423,hull
1424,carp
1425,friends.
1426,inhaled
1427,possibility
1428,quite
1429,sea-shells
1430,dependencies
1431,besides
1432,folded.
1433,deception
1434,seventy
1435,care
1436,importance.
1437,contemplation
1438,couldn
1439,language
1440,discussing
1441,modest
1442,worrying
1443,motion
1444,thing
1445,place
1446,vision
1447,envied
1448,perfection.
1449,learning.
1450,waited
1451,first
1452,origin
1453,pilgrim.
1454,flying
1455,dwelling
1456,destined
1457,fleeing
1458,spoken
1459,anxiety.
1460,waves
1461,potter
1462,woman.
1463,bluish
1464,coconut-tree
1465,self-denial
1466,directly
1467,carry
1468,impossible
1469,message
1470,fight
1471,open
1472,tomorrow
1473,cheerfully
1474,sheep
1475,city
1476,little
1477,silent
1478,quality
1479,waned
1480,murky
1481,caught
1482,slept
1483,it.--these
1484,victorious
1485,fiery
1486,realization
1487,lightning-bolt
1488,white
1489,bits
1490,friend
1491,gives
1492,eyes
1493,hug
1494,on.
1495,that
1496,spoke.
1497,season
1498,bees.
1499,hut
1500,alas
1501,sickliness
1502,seducer
1503,toilsome
1504,singsong
1505,flowers
1506,garden-house
1507,than
1508,wide
1509,give.
1510,require
1511,return.
1512,future
1513,were
1514,commanded.
1515,longingly
1516,and
1517,addressing
1518,tasted
1519,insatiably
1520,remained
1521,confessed
1522,turned
1523,sad
1524,say
1525,himself
1526,spectacle
1527,anger
1528,saw
1529,any
1530,sat
1531,law.
1532,form
1533,warriors
1534,mourners
1535,downwards
1536,overcoming
1537,shocked
1538,instructed
1539,wandered
1540,unlearn
1541,take
1542,attentively.
1543,resembling
1544,destroy
1545,concern
1546,unmoved.
1547,heal
1548,urge
1549,begin
1550,skinned
1551,pain
1552,opposite
1553,arguing
1554,price
1555,knew
1556,clearer
1557,falls
1558,visitors
1559,voice.
1560,occurred
1561,being.
1562,envying
1563,drown.
1564,forever
1565,silly--yes
1566,failure
1567,considered
1568,headed
1569,proud
1570,sale
1571,sunset
1572,greed
1573,axe
1574,lazy.
1575,dispersed
1576,thousands.
1577,alone.
1578,precise
1579,replied
1580,walking
1581,shot
1582,denial.
1583,show
1584,lotus
1585,enlightenment.
1586,new-born
1587,indulgence.
1588,discovered
1589,brushwood.
1590,bright
1591,tiredness
1592,fasting--waiting--thinking.
1593,line
1594,ground
1595,notions
1596,gnaw
1597,dice
1598,title
1599,daily
1600,everything--
1601,treasure
1602,written
1603,either
1604,meaningless.
1605,stains
1606,only
1607,wood
1608,black
1609,dancing
1610,humans.
1611,invocation
1612,passing
1613,robe
1614,wool
1615,seen.
1616,pumpkin
1617,directed
1618,ball-player
1619,stupid.
1620,get
1621,contracts
1622,assistant
1623,refreshed
1624,begging
1625,expectation
1626,truly
1627,tens
1628,cannot
1629,bracelets
1630,honours
1631,hedge
1632,krishna
1633,regarding
1634,pouch.
1635,artist
1636,grief.
1637,morning
1638,naked
1639,carrion
1640,stupid
1641,liable
1642,worries
1643,buddha.
1644,where
1645,woke
1646,silently
1647,burst
1648,exhausting
1649,kamaswami
1650,seat
1651,relative
1652,asleep
1653,hell
1654,salutation
1655,aroused
1656,mango-tree
1657,squandering
1658,rigidly
1659,farmers
1660,ways
1661,jumped
1662,&apos;re
1663,colours
1664,sir
1665,behind
1666,trade.
1667,between
1668,mango-trees.
1669,conceited
1670,across
1671,man.
1672,ought
1673,whispered
1674,notice
1675,useful
1676,knock
1677,killing
1678,captive
1679,recitation
1680,spare
1681,times.
1682,comb
1683,come
1684,sedan-chair
1685,concentrated
1686,nowhere.
1687,embarrassment
1688,one-sided.
1689,many
1690,moon.
1691,priests
1692,according
1693,loudly
1694,disappointment
1695,shivered.
1696,surface.
1697,comes
1698,duty
1699,among
1700,stakes.
1701,afterwards
1702,passenger
1703,reluctance
1704,novices
1705,timidly.
1706,insist
1707,accusation
1708,wound.
1709,stretched
1710,learning
1711,ordered
1712,bizarre
1713,comprehend
1714,seeding
1715,cramps
1716,destroyed
1717,companionship
1718,capable
1719,informed
1720,mark
1721,breath
1722,shuddering
1723,practised
1724,peaceful
1725,nit
1726,promises.
1727,taken.
1728,hardly
1729,divine.
1730,differently
1731,wants
1732,direction
1733,educated
1734,lanes
1735,searches
1736,vomits
1737,offered
1738,blessing
1739,wounds
1740,dangerous
1741,tiger
1742,mocking
1743,wake
1744,external
1745,sword--he
1746,stems
1747,suspected
1748,careful
1749,spirit
1750,those
1751,sound
1752,deprive
1753,myself
1754,gaga.
1755,developing
1756,these
1757,dwells.
1758,worried
1759,nothingness
1760,disappeared.
1761,trick
1762,cast
1763,govinda.
1764,chimpanzee.
1765,life.
1766,awakened
1767,invited
1768,numbs
1769,bathe
1770,eventually
1771,characteristics
1772,brow
1773,person.
1774,&apos;ll
1775,quiet
1776,birth.
1777,children--and
1778,spectator.
1779,commanded
1780,wisely
1781,floating
1782,worry
1783,movements
1784,different
1785,animallike
1786,develop
1787,harsh
1788,silverishly
1789,pay
1790,granted
1791,thinking.
1792,bowl
1793,same
1794,bows
1795,speech
1796,motioned
1797,stepped
1798,events
1799,clenched
1800,way.
1801,noble
1802,oil
1803,sickness
1804,mockery
1805,petted
1806,driver
1807,companion
1808,driven
1809,running
1810,fruit
1811,barber
1812,delicate
1813,intended
1814,climbing
1815,weep
1816,canopy.
1817,weave
1818,fasting
1819,nirvana.
1820,weakened
1821,keeping
1822,bondage
1823,poetry.
1824,love.
1825,magical
1826,bow.
1827,without
1828,relief
1829,breasts.
1830,repulsive
1831,reward
1832,bodies
1833,consisted
1834,fades
1835,desolate
1836,object
1837,being
1838,knowledgeable
1839,guided
1840,gesture.
1841,rest
1842,shouts
1843,efforts.
1844,kill
1845,rule.
1846,aspect
1847,touch
1848,reality
1849,speed
1850,kneeling
1851,captured
1852,asleep.
1853,blow
1854,sprang
1855,death
1856,smiling.
1857,thinking
1858,rose
1859,seems
1860,except
1861,crocodiles
1862,verse
1863,embarrassed.
1864,pile
1865,rosy
1866,loudly.
1867,struck
1868,heavier
1869,interrupting
1870,joyful
1871,real
1872,lamentingly.
1873,around
1874,read
1875,stung
1876,repetitions
1877,admitting
1878,loaned
1879,early
1880,astonished.
1881,fallen--ended
1882,politely
1883,world
1884,tenacity.
1885,accepted
1886,disappointed
1887,dare
1888,distrustful
1889,reborn
1890,fortune
1891,stranger
1892,hunger.
1893,conducts
1894,greeting
1895,warmly.
1896,facing
1897,chamber
1898,benefit
1899,not-finding.
1900,superiority
1901,teach.
1902,surpassed
1903,always
1904,served
1905,voluntarily
1906,thirsted
1907,robbers
1908,sleepless
1909,laugh
1910,joking
1911,exposed
1912,dice.
1913,changed.
1914,basket.
1915,zealously
1916,second-
1917,table
1918,images
1919,diving
1920,process
1921,divine
1922,thinks
1923,non-eternal
1924,peace.
1925,deed.
1926,curious
1927,teachings
1928,noon
1929,moon
1930,omen.
1931,buddha
1932,boat
1933,expressing
1934,moderate
1935,knife
1936,refer
1937,think.
1938,waited.
1939,disobedient
1940,welcome
1941,knees.
1942,silently.
1943,power
1944,intimate
1945,indestructible
1946,nails
1947,forgetfulness
1948,broken
1949,despicable
1950,clear-thinking
1951,sixty
1952,burden.
1953,swearwords.
1954,reports.
1955,mara
1956,on
1957,stone
1958,subdued
1959,oh
1960,of
1961,scolding.
1962,unconsciousness
1963,mentioned
1964,slender
1965,meal
1966,journey
1967,teaching.
1968,stand
1969,act
1970,wisdom.
1971,stank
1972,or
1973,out.
1974,passion.
1975,quietly
1976,lands
1977,burning
1978,ferrymen
1979,spreading
1980,telling
1981,lifted
1982,devoted
1983,rising
1984,verily
1985,actually
1986,valuable
1987,happening
1988,your
1989,morning.
1990,contemplation--or
1991,trip.
1992,risen.
1993,log
1994,her
1995,immense
1996,satisfied.
1997,assumed
1998,strictly
1999,there
2000,alleged
2001,edges
2002,sides
2003,dreaming
2004,start
2005,hill
2006,drank
2007,low
2008,lot
2009,punished
2010,wars
2011,forbade
2012,you.
2013,delicious
2014,displayed
2015,complete
2016,enough
2017,reduce
2018,regard
2019,gods.
2020,clothes.
2021,idea
2022,curiously
2023,intoxication
2024,trying
2025,with
2026,buying
2027,handsome
2028,abused
2029,annihilate
2030,rage
2031,myth.
2032,tiny
2033,sadness
2034,grasp
2035,trading
2036,breathing.
2037,lakshmi.
2038,mask
2039,agree
2040,affection
2041,dish.
2042,strongly
2043,gone
2044,hated
2045,pity.
2046,exhausted
2047,ah
2048,am
2049,gift.
2050,deep
2051,an
2052,words.
2053,ponderingly
2054,hearts.
2055,student.
2056,watched
2057,deed
2058,moves
2059,&apos;s.
2060,fill
2061,again
2062,proudly
2063,depicted
2064,fear.
2065,retiring
2066,benevolently
2067,longed
2068,noblemen
2069,coincidental
2070,you
2071,much--but
2072,thousand
2073,presenting
2074,poor
2075,briefly
2076,pillows
2077,obsessed
2078,--nobody
2079,shelter
2080,walk.
2081,time
2082,gifts
2083,herbs
2084,important
2085,recognise
2086,fresh
2087,tackle
2088,unselfish
2089,building
2090,shipping
2091,pearls
2092,remote
2093,wife
2094,controlled
2095,odds
2096,rose.
2097,having
2098,moonlight
2099,passed
2100,suffering.
2101,doubted
2102,recognising
2103,numbing
2104,starting
2105,caste
2106,silent.
2107,burdening
2108,all
2109,surrounded
2110,skeleton
2111,washed
2112,lack
2113,son.
2114,govinda
2115,robe.
2116,thoughtful
2117,higher
2118,follow
2119,meditation
2120,fasting--what
2121,exhaled
2122,children
2123,causes
2124,day.
2125,disciples
2126,hunting
2127,ignorant
2128,undefeatable
2129,sparkling
2130,former
2131,to
2132,chewing
2133,preserved
2134,smile
2135,enjoying
2136,carters
2137,travelling.
2138,void.
2139,belonging
2140,defamation.
2141,returned
2142,everyone.
2143,sitting
2144,very
2145,sky-blue
2146,horror
2147,robes
2148,perishing
2149,lain
2150,sons
2151,fan
2152,decide
2153,fall
2154,bubbles
2155,existing
2156,alien
2157,upbringing
2158,washing
2159,cleric.
2160,mothers
2161,marvellous
2162,broken.
2163,joined
2164,large
2165,sang
2166,sand
2167,along.
2168,alms
2169,small
2170,has.
2171,ten
2172,harder
2173,copper-coins
2174,streets
2175,throughly
2176,quiet.
2177,answer.
2178,honourable
2179,pass
2180,destitute
2181,creatures
2182,what
2183,necessary.
2184,stood
2185,protruding
2186,sweetly
2187,sun
2188,pleasure-garden
2189,excellent--but
2190,perish.
2191,him.
2192,run
2193,imperceptibly
2194,nurse
2195,multitude
2196,womb
2197,quenched
2198,creature.
2199,full
2200,escaping
2201,murkier
2202,threatened
2203,loose
2204,birthplace
2205,answers
2206,vomiting
2207,hours
2208,smartest
2209,shouldn
2210,hopelessness
2211,arch
2212,street.
2213,trunk
2214,directions
2215,buzzing
2216,strong
2217,legend
2218,search
2219,ridiculous
2220,ahead
2221,sucked
2222,mind.
2223,losses
2224,experience
2225,amount
2226,laughing
2227,misery
2228,sweetness
2229,point
2230,followed
2231,disposition
2232,family
2233,objection.
2234,suddenly
2235,person--he
2236,pursuer.
2237,emptied
2238,ask
2239,follower
2240,trainee
2241,know.
2242,substance.
2243,mistress
2244,obstructing
2245,eye
2246,proceed
2247,bear--and
2248,reproach
2249,destination
2250,two
2251,slumber
2252,comparing
2253,unpleasant
2254,fragrance
2255,soil
2256,taken
2257,raft
2258,misery.
2259,weren
2260,achieving
2261,more
2262,thrown
2263,wretched
2264,door
2265,knows
2266,company
2267,one-sided
2268,current.
2269,tested
2270,ate
2271,sad.
2272,broke
2273,particular
2274,known
2275,hurry
2276,cult
2277,riverbank
2278,glad
2279,town
2280,weighed
2281,rice-wine
2282,hour
2283,middle
2284,night.
2285,sucks
2286,generated
2287,dew
2288,remain
2289,greeted
2290,learn
2291,abandon
2292,thumped
2293,nothing.
2294,love--how
2295,beautiful
2296,stubborn
2297,compare
2298,embarrassing
2299,brown
2300,rejuvenated
2301,persuading
2302,loin-cloth
2303,share
2304,accept
2305,autumn
2306,pushed
2307,confirmation
2308,imitation
2309,sense
2310,transcendent
2311,lacks
2312,dress
2313,nodded.
2314,firmly
2315,huge
2316,needs
2317,answer
2318,everything.
2319,goal
2320,bread.
2321,desperation
2322,rather
2323,kamaswami-people
2324,plans
2325,acts
2326,health.
2327,stayed
2328,cleansing
2329,eat.
2330,glowing
2331,occasionally
2332,sacred
2333,hating
2334,beggars
2335,steps.
2336,stir
2337,goat
2338,hopeless
2339,plant
2340,tried
2341,charms
2342,pilgrimages
2343,advice
2344,tale.
2345,state.
2346,hornbill-bird
2347,tries
2348,lighting
2349,blood
2350,numb
2351,coming
2352,enlightenment--it
2353,a
2354,short
2355,chiefly
2356,golden.
2357,shady
2358,merged
2359,upholstered
2360,wishes
2361,shade
2362,crafts
2363,banks
2364,pleasure
2365,dear.
2366,dream
2367,playing
2368,need.
2369,rejoiced.
2370,help
2371,`things
2372,displease
2373,incessantly
2374,developed
2375,soon
2376,trade
2377,held
2378,ascetics
2379,through
2380,committed
2381,existence
2382,smiling
2383,suffer
2384,its
2385,arrogant
2386,level
2387,agni--he
2388,style
2389,consent
2390,possessions
2391,already.
2392,heron
2393,course.
2394,carpets
2395,late
2396,truth.
2397,wilhelm
2398,kindled
2399,followers
2400,travelling
2401,salvation.
2402,might
2403,toes.
2404,finer
2405,it.
2406,wouldn
2407,harmed
2408,good
2409,return
2410,calm
2411,seeking
2412,food
2413,tumbles
2414,hunter
2415,detour
2416,ascetic.
2417,anticipated
2418,obeyed
2419,humans
2420,moaning
2421,foot
2422,sighed
2423,complain
2424,instructions
2425,mystery
2426,easily
2427,wash
2428,all.
2429,thanked.
2430,payed
2431,alms-dish
2432,someone
2433,habits
2434,stopped
2435,mastered
2436,quietly.
2437,found
2438,repeating
2439,hermit
2440,friendship
2441,mockingly.
2442,friend.--and
2443,heavy
2444,harm
2445,everyone
2446,tilted
2447,restless
2448,house
2449,fish
2450,hard
2451,house.
2452,monks
2453,language.
2454,wiggling
2455,expect
2456,loops
2457,beyond
2458,event
2459,really
2460,spells.
2461,lovers
2462,divide
2463,sparingly
2464,beggar.
2465,childish
2466,since
2467,see.--but
2468,force.
2469,village.
2470,flowed
2471,shipment
2472,reminder
2473,flame
2474,bast
2475,wisest
2476,disobedience
2477,crouched
2478,risen
2479,blue.
2480,births
2481,combed
2482,toiling
2483,forgive
2484,bulls
2485,monk.
2486,houses
2487,reason
2488,base
2489,forcefully
2490,murmur
2491,imagine
2492,put
2493,teach
2494,beginning
2495,kamala
2496,pus
2497,bushes
2498,attention.
2499,shine
2500,blossoming
2501,positioning
2502,terrible
2503,terribly
2504,conducted
2505,lamentation
2506,expecting
2507,sensations
2508,twenty
2509,daemons.
2510,fallen
2511,scorned
2512,feed
2513,copper
2514,gazed
2515,seeming
2516,slipped
2517,feel
2518,reflected
2519,shameful
2520,feet
2521,sympathy
2522,enlarged
2523,murmured
2524,done
2525,embraced
2526,says
2527,mist
2528,remember.
2529,passes
2530,story
2531,heads
2532,thoughts.
2533,senses.
2534,blossom
2535,leading
2536,belongs
2537,wonderful
2538,ascetics.
2539,regained
2540,revel
2541,fought
2542,hundred
2543,brahmanism
2544,banana
2545,merciless
2546,figures
2547,bowed
2548,imperfect
2549,pains
2550,longing
2551,delightedly
2552,part
2553,differentiate
2554,blindly
2555,believe
2556,information.
2557,grace
2558,king
2559,kind
2560,grew
2561,kindly
2562,gotten
2563,ox-cart
2564,thinker
2565,youth
2566,i
2567,supposed
2568,insulted
2569,`learning
2570,head.
2571,stale
2572,treated
2573,unrelenting
2574,kidding
2575,withered
2576,service.
2577,trifles
2578,well
2579,urgently
2580,alongside
2581,cooked.
2582,depth.
2583,roughly
2584,awoken
2585,caress
2586,cistern
2587,concentration
2588,abused.
2589,rushing
2590,fading
2591,sensual
2592,rice-cake
2593,paths
2594,nights
2595,fermented
2596,flared
2597,depending
2598,self
2599,couch
2600,&apos;
2601,also
2602,costs
2603,superior
2604,finding
2605,foamed
2606,bo-tree
2607,transparent
2608,play
2609,towards
2610,quoth
2611,warnings
2612,samana
2613,reach
2614,pondering
2615,earth-coloured
2616,age.
2617,plan
2618,eaten
2619,shut.
2620,nothing
2621,seasons
2622,loan
2623,extremely
2624,rumours.
2625,unbearable.
2626,dealers
2627,siddhartha.
2628,sensing
2629,clear
2630,sometimes
2631,charitable
2632,dissolved
2633,treasures
2634,clean
2635,funeral
2636,charged
2637,path.
2638,dragged
2639,hips
2640,stones
2641,despise
2642,secrets.
2643,particularly
2644,thorough
2645,hovered
2646,wailing
2647,scorched
2648,scattered
2649,feel.
2650,sanctity
2651,purity
2652,businesses
2653,meditation.
2654,carefully
2655,brahman
2656,stomach.
2657,fine
2658,find
2659,occupation
2660,completion
2661,reminiscent
2662,stairs
2663,less
2664,rotten
2665,aren
2666,failed
2667,kidnap
2668,pretty
2669,money
2670,circle
2671,discuss
2672,fruit-trees
2673,pilgrim--govinda.
2674,hit
2675,permission
2676,meditations
2677,beams
2678,pregnant
2679,trees
2680,famous
2681,feels
2682,courage
2683,breast
2684,closely
2685,daemons
2686,journey.
2687,frightening
2688,him
2689,merchandise
2690,enemy
2691,devoured
2692,covetousness
2693,beautifully
2694,pleasures
2695,perfume
2696,sacrifices
2697,common
2698,fateful
2699,river
2700,wrote
2701,inferior
2702,set
2703,art
2704,achieved
2705,throwing
2706,tended
2707,sex
2708,flourishing
2709,differentiation
2710,see
2711,bare
2712,are
2713,sea
2714,tender
2715,close
2716,arm
2717,leaving.
2718,feared
2719,find.
2720,knees
2721,workers
2722,glistening
2723,matter
2724,forlorn
2725,familiarity
2726,putrefaction.
2727,won
2728,secret.
2729,years.
2730,affairs
2731,woe
2732,eyelids.
2733,jackals
2734,viciousness
2735,whining.
2736,endure
2737,knowing
2738,&apos;d
2739,invisibly
2740,unconscious
2741,missing
2742,&apos;m
2743,sold
2744,timidly
2745,unity.
2746,poorer
2747,days.
2748,&apos;t
2749,renewed
2750,&apos;s
2751,hidden.
2752,devious
2753,pause.
2754,both
2755,dryness
2756,last
2757,desired
2758,secrets
2759,hint
2760,foreign
2761,became
2762,gamblers
2763,asceticism
2764,spirit.
2765,focused
2766,coconut-milk
2767,whole
2768,finds
2769,learn.
2770,sink
2771,reside
2772,sloth
2773,liked
2774,childhood
2775,knew.
2776,atman.
2777,simple
2778,sweet
2779,acted
2780,patience.
2781,smashing
2782,manners
2783,whatever
2784,coincidence
2785,simply
2786,likes
2787,village
2788,vessel
2789,openness
2790,throughout
2791,patiently
2792,worthless
2793,devil
2794,filth
2795,transformations
2796,damp
2797,lets
2798,appears
2799,whom
2800,secret
2801,lured
2802,experience.
2803,collected
2804,mockingly
2805,surely.
2806,twenty-eight
2807,empty
2808,astonishment
2809,firm
2810,resting
2811,lived
2812,opinion.
2813,fire
2814,chatted
2815,mildness
2816,rainbows
2817,else
2818,manner.
2819,lives
2820,bidding
2821,towns
2822,strange.
2823,approval.
2824,honest
2825,soiled
2826,pilgrim
2827,enchanted
2828,solid
2829,lips.
2830,reliable
2831,mumbling
2832,indignation
2833,wasted
2834,healthy
2835,while
2836,sexuality
2837,replaced
2838,match
2839,error
2840,kissing
2841,further.
2842,painfully
2843,brawny
2844,seams
2845,use.
2846,pouches.
2847,level.
2848,encountered
2849,rejecting.
2850,awakening
2851,itself
2852,contradiction
2853,stubbornly
2854,seen
2855,ready
2856,aspects
2857,anguish
2858,attach
2859,elements
2860,hips.
2861,renounced
2862,away.
2863,aged
2864,fate
2865,anymore
2866,grant
2867,splendour
2868,maids
2869,belong
2870,elevated
2871,orders
2872,greeting.
2873,shackle
2874,ugliness
2875,sadness.
2876,advise
2877,strangers
2878,forgiveness
2879,executioner
2880,daughters
2881,glance.
2882,used
2883,tower
2884,lie
2885,distrust.
2886,banter
2887,yesterday
2888,gundert
2889,moment
2890,leapt
2891,moving
2892,purpose
2893,decency
2894,do.
2895,yoga-veda
2896,timid
2897,recent
2898,gestures
2899,lower
2900,motionless
2901,whores
2902,older
2903,rules
2904,makes
2905,people.
2906,cheek
2907,spent
2908,dared
2909,yet.
2910,person
2911,forms.
2912,beautiful.
2913,spend
2914,moment.
2915,positioned
2916,abstain
2917,listening
2918,shivering
2919,fasts
2920,openly
2921,circling
2922,questions
2923,self-castigation.
2924,retired
2925,praying
2926,siddhartha
2927,prince
2928,profitable
2929,lit
2930,feared.
2931,cut
2932,illusions
2933,majority
2934,lady
2935,decayed
2936,danger
2937,shape.
2938,source
2939,parents
2940,poverty
2941,crying
2942,comprehensible
2943,tormented
2944,sakya.
2945,excited
2946,build
2947,partaking
2948,customers
2949,forces
2950,emergency
2951,situation
2952,big
2953,bid
2954,question.
2955,essential--but
2956,judgement
2957,matters
2958,suffering
2959,entangled
2960,clemency
2961,wiser
2962,novices.
2963,falcon
2964,bit
2965,bloody
2966,comedy.
2967,annihilating
2968,submission.
2969,stuff
2970,success
2971,despised.
2972,shaped
2973,arose
2974,collect
2975,distrust
2976,continue
2977,nipple
2978,entice
2979,shimmered
2980,softness
2981,bamboo
2982,foolish
2983,essential
2984,disdainfully
2985,often
2986,humorous
2987,spring
2988,fathers
2989,creation
2990,some
2991,back
2992,separated
2993,understood
2994,lips
2995,experienced
2996,examples
2997,sight
2998,mirror
2999,teachings.
3000,river--
3001,pale
3002,savage
3003,jewelry
3004,decision
3005,shall
3006,pen
3007,cloud
3008,miraculous
3009,sansara
3010,pile.
3011,temple
3012,good.
3013,thighs
3014,somehow
3015,be
3016,swiftly
3017,universe.
3018,remembered
3019,mourning.
3020,benefactor
3021,continuing
3022,fed
3023,stem
3024,step
3025,concealed
3026,taught.
3027,father.
3028,moods.
3029,ache
3030,by
3031,dormant
3032,faith
3033,cautious
3034,anything
3035,most
3036,meaninglessness
3037,straightened
3038,wrinkles
3039,piled
3040,voices.
3041,hatred
3042,benefactors
3043,silence
3044,fast.
3045,miracles
3046,seeing
3047,scorns
3048,into
3049,within
3050,boy.
3051,awaited
3052,see.
3053,drifted
3054,pace
3055,downhill
3056,realisation
3057,worshipper
3058,smoothly
3059,question
3060,vigour
3061,fast
3062,custom
3063,occupy
3064,worshipped
3065,infected
3066,laughed.
3067,forward
3068,wonderfully
3069,bored
3070,scared
3071,mountains
3072,insensitivity
3073,frenzied
3074,bore
3075,collapsed
3076,audacious
3077,succumbed
3078,hoped
3079,boys
3080,properly
3081,bursting
3082,sinner
3083,upright
3084,harming
3085,samanas.
3086,dull
3087,kidding.
3088,darkness.
3089,gaze
3090,redeemed
3091,up
3092,us
3093,sneak.
3094,accustomed
3095,--that
3096,similar
3097,called
3098,hopes.
3099,side.
3100,hesitantly
3101,individuality
3102,camp
3103,constant
3104,worthwhile
3105,cared
3106,elegant
3107,flocked
3108,lost.
3109,doesn
3110,maja
3111,breast.
3112,single
3113,warning
3114,future.
3115,wove
3116,beginning.
3117,smile.
3118,as
3119,knowledge.
3120,rainy
3121,corners
3122,heat.
3123,peace
3124,fears
3125,name.
3126,awoke
3127,again.
3128,themselves.
3129,pleasure-grove
3130,mock
3131,nice
3132,ferried
3133,bananas.
3134,draw
3135,venerable
3136,besiege
3137,favourite
3138,passions
3139,pretended
3140,prepared
3141,helping
3142,meaning
3143,rested
3144,smiled
3145,fishes
3146,fisher
3147,song
3148,meals
3149,ago
3150,land
3151,happier
3152,vice
3153,age
3154,required
3155,lank
3156,walked
3157,admiring
3158,impatient
3159,cooked
3160,depth
3161,train
3162,lying
3163,far
3164,rigid
3165,banana-eaters
3166,requires
3167,sounded
3168,once
3169,sufferingly
3170,saying
3171,unwhithering
3172,resistance
3173,rules.
3174,cheerful
3175,debtors
3176,helped
3177,go
3178,seemed
3179,comfort.
3180,venerated
3181,gold
3182,vacuous
3183,concerned
3184,fenced
3185,young
3186,arrogance
3187,expertise.
3188,position.
3189,helps
3190,mercilessly
3191,stable
3192,breach
3193,enlightenment
3194,friendly
3195,sent
3196,abode
3197,transitoriness
3198,breathing
3199,wished
3200,garden
3201,forest--and
3202,waters.
3203,magadha
3204,balls
3205,putting
3206,oarsman
3207,subservient
3208,more.
3209,continued
3210,self-castigation
3211,retold
3212,transformation
3213,entire
3214,partially
3215,magic
3216,succeed
3217,stiff
3218,meant
3219,positions
3220,gullibly
3221,holy.
3222,flickered
3223,try
3224,tenderness
3225,sleeping.
3226,whorehouses
3227,friendliness
3228,unsuccessfully
3229,sacrificial
3230,oar.
3231,other.
3232,yourself
3233,sensation
3234,silly
3235,waking
3236,sin.
3237,picked
3238,exuberant
3239,ardent
3240,pleasantly.
3241,desire.
3242,anything.
3243,doctrines
3244,that.
3245,plays
3246,business
3247,jokes
3248,giving
3249,dice-gambler
3250,teachings--though
3251,slight
3252,expressed
3253,overwhelmed
3254,waiting
3255,sang.
3256,third-hand
3257,flowing
3258,pristine
3259,expresses
3260,bird
3261,exercise
3262,body
3263,nest.
3264,led
3265,chose
3266,desires
3267,gathered
3268,sins
3269,growing
3270,river.
3271,let
3272,chandogya-upanishad
3273,separation
3274,others
3275,tremor
3276,full.
3277,fifteen
3278,extreme
3279,great
3280,didn
3281,numbness
3282,receive
3283,ones.
3284,leaving
3285,benevolence
3286,conveyed
3287,submerged
3288,opinion
3289,nameless
3290,spices
3291,salvation
3292,perished
3293,kid
3294,humblest
3295,daybreak
3296,depths
3297,heart
3298,win
3299,confession
3300,baskets
3301,become.
3302,singing
3303,sermon
3304,desiring
3305,standing
3306,use
3307,hearing.
3308,from
3309,links
3310,remains
3311,servant.
3312,flabby
3313,next
3314,few
3315,worn
3316,doubt
3317,weeping
3318,bitterly
3319,bottomless
3320,pleasure.
3321,themselves
3322,oily
3323,beyond.
3324,deepest
3325,possession
3326,popped
3327,victory
3328,disgust
3329,upcoming
3330,resolution.
3331,started
3332,becomes
3333,factor
3334,sir.
3335,om
3336,charming
3337,foolishly
3338,carrying
3339,rabbit
3340,baby
3341,harvest
3342,appointed
3343,women
3344,escaped
3345,account
3346,excellent
3347,animals
3348,worship.--but
3349,mockery.
3350,retreated
3351,this
3352,oil.
3353,when
3354,crossed
3355,thin
3356,praise
3357,meet
3358,indestructibility
3359,ants
3360,bend
3361,control
3362,murmuring
3363,bent
3364,thirsty
3365,escapes
3366,fists
3367,slim
3368,bananas
3369,dripping
3370,pieces
3371,high
3372,beckoned
3373,his
3374,pulling
3375,something
3376,slip
3377,water.
3378,sought
3379,none.
3380,contempt
3381,hesitate
3382,dead--my
3383,blissfulness
3384,sit
3385,destroying
3386,frost
3387,mumbled
3388,sal-wood
3389,arrangement
3390,line.
3391,forest
3392,animal
3393,instead
3394,comedy
3395,intelligent
3396,sin
3397,singular
3398,watch
3399,waters
3400,await
3401,hut.
3402,tied
3403,halted
3404,thirst.
3405,different.
3406,syllable
3407,demonstrating
3408,urges
3409,fighting
3410,readiness
3411,realized
3412,concentrated.
3413,light
3414,lines
3415,interrupted
3416,trembling
3417,linen
3418,prays
3419,honestly
3420,road
3421,meditate.
3422,despair.
3423,loved.
3424,counted
3425,committed.
3426,fastest
3427,bathing
3428,banyan
3429,saturated
3430,clearly.
3431,mute
3432,hand.
3433,move
3434,sweet.
3435,poetry
3436,symbols
3437,city-house
3438,invitation.
3439,rendered
3440,existence.
3441,cruise
3442,indignantly
3443,faithfulness
3444,fortunate
3445,perfect
3446,write
3447,equanimity
3448,chosen
3449,powerful.
3450,about.
3451,meantime
3452,previously
3453,willing
3454,covered
3455,criminal
3456,world.
3457,image
3458,stopped.
3459,physicians
3460,lunatic
3461,pangs
3462,richness
3463,awaiting
3464,spell
3465,innermost
3466,flew
3467,untouchable
3468,foolish.
3469,snake
3470,kiss
3471,hands
3472,front
3473,kindness
3474,flee
3475,day
3476,forgotten.
3477,strive
3478,masters
3479,admonished
3480,mysterious
3481,warned
3482,traced
3483,textbooks
3484,transmitted
3485,alike
3486,truth
3487,disregard
3488,accompanied
3489,evil.
3490,shaking
3491,upward
3492,hunting.
3493,Ã¼ber
3494,doing
3495,brahmans.
3496,unbelievable
3497,childlikeness
3498,cling
3499,books
3500,separating
3501,our
3502,wine.
3503,sexual
3504,wander
3505,sandy
3506,out
3507,respects
3508,new.
3509,lukewarm
3510,arriving
3511,pointless
3512,occupied
3513,satyam--verily
3514,shocked.
3515,upset
3516,time.
3517,messenger
3518,wondrous
3519,attentively
3520,deceptions
3521,fly.
3522,approached
3523,venerate
3524,spot
3525,godly
3526,greedy
3527,inhaling
3528,disbelievers
3529,completely
3530,surely
3531,anyhow
3532,fare.
3533,poisoned
3534,things.
3535,hostile
3536,determining
3537,could
3538,bowing
3539,times
3540,conversation
3541,length
3542,disgust.
3543,incarnation
3544,mortal
3545,deprivations
3546,respect.
3547,lamentingly
3548,blown
3549,pitied
3550,powerful
3551,true.
3552,owned
3553,&apos;ve
3554,alleys
3555,ablution.
3556,drinker
3557,reached
3558,precisely
3559,scent
3560,straight
3561,parable
3562,miserably
3563,splendid.
3564,city.
3565,long
3566,deceptive
3567,torture.
3568,strict
3569,unknown
3570,habit
3571,traveller
3572,vishnu
3573,process.
3574,their
3575,enticed
3576,behind.
3577,wrapped
3578,travelled
3579,perfectly
3580,final
3581,painful
3582,beard
3583,interests
3584,shell
3585,stomach
3586,stars
3587,swollen
3588,ablutions
3589,punish
3590,doomed
3591,nobody
3592,dreary
3593,om.
3594,business-deals
3595,reflecting
3596,smiled.
3597,herself
3598,haven
3599,remember
3600,loved
3601,speak.
3602,quietness
3603,wrists.
3604,bother
3605,riches
3606,beg
3607,bed
3608,tortured
3609,listeners
3610,upon.
3611,bear.
3612,lover
3613,visited
3614,coronation
3615,distinguished
3616,devotion
3617,ferry
3618,false
3619,beggar
3620,unchanged
3621,sadly.
3622,intention.
3623,yearned
3624,unlikely
3625,have
3626,back.
3627,need
3628,apparently
3629,clearly
3630,afraid
3631,pupils
3632,hungrily
3633,pursued
3634,forgotten
3635,able
3636,instance
3637,floated
3638,which
3639,tranquility
3640,soap
3641,business-affairs
3642,sinful.
3643,thinkers
3644,indeed.
3645,allow
3646,passionately
3647,who
3648,rig-veda
3649,poison.
3650,courtesy
3651,connected
3652,prisoner
3653,vultures
3654,why
3655,&quot;
3656,deny
3657,deeply.
3658,possessions.
3659,brushed
3660,gather
3661,request
3662,disease
3663,face
3664,looked
3665,penitent
3666,gesture
3667,runaway
3668,built
3669,skinny
3670,face.
3671,fact
3672,another.
3673,wealth.
3674,area.
3675,receive.
3676,absorbing
3677,please
3678,pleases
3679,calculations.
3680,one.
3681,bring
3682,planning
3683,rebuke
3684,bedroom
3685,perfumed
3686,utter
3687,fear
3688,thicket
3689,debate
3690,staff
3691,envy
3692,highest
3693,grabbed
3694,knowledge
3695,hadn
3696,many.
3697,brushwood
3698,should
3699,entities
3700,unable
3701,oneness.
3702,wretchedness
3703,thousands
3704,interested
3705,hope
3706,indignant
3707,exchanged
3708,insight
3709,ill-humour
3710,listened
3711,means
3712,beat
3713,midnight
3714,irreproachable
3715,lucky
3716,bear
3717,listener
3718,joint
3719,community
3720,ones
3721,perfection
3722,words
3723,entity
3724,ascended
3725,areas
3726,following
3727,talking.
3728,contents.
3729,shy
3730,palm-trees.
3731,calling
3732,robbers.
3733,she
3734,contain
3735,grab
3736,fixed
3737,generations
3738,irrefutably
3739,strengthened
3740,exists
3741,prayers
3742,dreariness
3743,brahma
3744,admonition
3745,lazy
3746,yearning
3747,submergence
3748,scroll
3749,buzzed
3750,foot.
3751,sleeping
3752,luminous
3753,righteously
3754,end.
3755,closer
3756,ground.
3757,destiny
3758,insulting
3759,joys
3760,finally
3761,worship
3762,state
3763,convince
3764,injustice
3765,closed
3766,crude
3767,progress
3768,neither
3769,masterful
3770,hit.
3771,asked.
3772,glory.
3773,attention
3774,ability
3775,opening
3776,importance
3777,joy
3778,exclaimed.
3779,court
3780,venerability
3781,tending
3782,thanks.
3783,strides
3784,job
3785,demonstrate
3786,precious
3787,weary
3788,pilgrims
3789,thank
3790,festering
3791,unstoppable
3792,commands
3793,joke
3794,taking
3795,incessantly.
3796,equal
3797,motionlessly
3798,devour
3799,joy.
3800,petrified
3801,flocking
3802,canopy
3803,kinds
3804,glorious
3805,devout
3806,robber
3807,did.
3808,travellers
3809,bearing
3810,wall
3811,walk
3812,childlike-naive
3813,agreed
3814,together.
3815,worldly
3816,cousin
3817,respect
3818,done.
3819,shoulder.
3820,poem
3821,inhale
3822,cavities
3823,maid
3824,tremendous
3825,decent
3826,own.
3827,rapids
3828,thanked
3829,pointlessness
3830,gambling
3831,poured
3832,slowly
3833,treat
3834,impetuously
3835,ship
3836,eightfold
3837,waste
3838,home.
3839,returning--what
3840,shoulders
3841,senses
3842,diversity
3843,painted
3844,moved
3845,purer
3846,finished
3847,tenderly
3848,tense
3849,bull
3850,visible.
3851,vanity
3852,repetition
3853,vasudeva.
3854,present
3855,debtor
3856,encompassed
3857,abandoned
3858,brahmans.--
3859,fearful
3860,disdain
3861,appearance
3862,inn
3863,value
3864,will
3865,endured
3866,encircled
3867,fault
3868,wild
3869,outside.
3870,experienced.
3871,happened
3872,at
3873,amusement.
3874,ruins.
3875,helper
3876,almost
3877,delusion
3878,thus
3879,surface
3880,lust
3881,demanded
3882,banana-trees.
3883,lifetime
3884,partner
3885,capture
3886,watchful
3887,servants
3888,teachable
3889,perhaps
3890,sakyamuni
3891,began
3892,of.
3893,brahman.
3894,unity
3895,strange
3896,speaker
3897,flower
3898,obstacle.
3899,go.
3900,gets
3901,and--obedience.
3902,privileged
3903,difficult
3904,garden.
3905,secretly
3906,tell.
3907,sensed
3908,eccentric
3909,appearances
3910,drink
3911,upon
3912,student
3913,dust
3914,completeness
3915,vapour
3916,laborious
3917,keep
3918,poultry
3919,will.
3920,off
3921,reflection
3922,unsown
3923,fully
3924,nevertheless
3925,afar
3926,colour
3927,brahmans
3928,futile
3929,part.
3930,thought
3931,command
3932,juicy
3933,forgetfulness.
3934,grasped
3935,position
3936,pilgrimage.
3937,drawing
3938,usual
3939,flown
3940,rice.
3941,flesh
3942,moments
3943,gotama.
3944,whisper.
3945,obtain
3946,mistaken
3947,sources
3948,mistakes
3949,distant
3950,--was
3951,tough
3952,purified
3953,keen
3954,jackal
3955,happiness
3956,spells
3957,work.
3958,cage
3959,drunk
3960,sky
3961,lake
3962,fled
3963,evermore
3964,add
3965,book
3966,approve
3967,wet
3968,practise
3969,vain
3970,smart
3971,oar
3972,spell.
3973,loss.
3974,increased
3975,myth
3976,disappearance
3977,room.
3978,cloak.
3979,five
3980,know
3981,burden
3982,denser
3983,incessant
3984,unsatisfiable
3985,fools
3986,resembled
3987,loss
3988,incarnation.
3989,necessary
3990,like
3991,lost
3992,pleasure-garden.
3993,starry
3994,garments.
3995,pity
3996,loses
3997,yesterday.
3998,heed
3999,degree.
4000,become
4001,soft
4002,actions.
4003,because
4004,workings
4005,sequence
4006,belonged
4007,searching
4008,alive
4009,hair
4010,repeat
4011,warmer
4012,choosing
4013,past.
4014,proper
4015,home
4016,pleased
4017,oneself
4018,happens
4019,supple
4020,leaf
4021,lead
4022,saint.
4023,avoid
4024,contently
4025,shone
4026,does
4027,passion
4028,gold-beetle
4029,bustling
4030,poverty.
4031,politely.
4032,demonstrated
4033,ripped
4034,noise
4035,murderer
4036,obey
4037,reaching
4038,dangling
4039,and--thus
4040,there.
4041,re-born
4042,paper
4043,host
4044,cage.
4045,prohibited
4046,worthy
4047,run-away.
4048,weaving
4049,bitten.
4050,refuge
4051,simpler
4052,pike
4053,about
4054,rare
4055,carried
4056,acts.
4057,getting
4058,himself.
4059,urged
4060,bearded
4061,rice-bowls
4062,upanishades
4063,farewell.
4064,discard
4065,tongue
4066,prevailing
4067,him--but
4068,stakes
4069,fearfulness.
4070,owl
4071,own
4072,letters
4073,itself.
4074,goal.
4075,rice-field.
4076,nobody.
4077,due
4078,screamed
4079,guard
4080,sorcerers
4081,spear-carrier
4082,female
4083,lamented
4084,eleven-year-old
4085,forget
4086,mere
4087,calling.
4088,aloud.
4089,glistened
4090,impatience
4091,veil
4092,spiral
4093,spots
4094,noticed
4095,intention
4096,much
4097,found.
4098,stopping
4099,buy
4100,enchantment
4101,but
4102,effects.
4103,timidness.
4104,repeated
4105,lowered
4106,plague
4107,goals
4108,flexible
4109,letter.
4110,ear
4111,eat
4112,he
4113,scream
4114,made
4115,wise
4116,princes
4117,places
4118,students.
4119,whether
4120,wish
4121,official
4122,rice-field
4123,this.
4124,corpses
4125,placed
4126,spot.
4127,stories
4128,delights
4129,weep.
4130,infants
4131,eyes.
4132,piece
4133,baskets.
4134,stirring
4135,buddha--and
4136,friend.
4137,penetrating
4138,eagerness
4139,deaths
4140,attributes
4141,deception.
4142,beetle
4143,kisses
4144,arms.
4145,beats
4146,greed.
4147,awaking
4148,kissed
4149,pit
4150,reddishly
4151,effected
4152,eddies
4153,compared
4154,dressed
4155,forests
4156,other
4157,amusement
4158,sick
4159,behold
4160,illusion
4161,conclusion
4162,yours.
4163,gifted
4164,star
4165,wondrously
4166,ecstatic
4167,yes.
4168,needed.
4169,inescapable
4170,shown
4171,stay
4172,upanishad
4173,chance
4174,detours
4175,earthly
4176,death.
4177,gap
4178,friends
4179,parted.
4180,anoint
4181,searcher
4182,stirred
4183,pestilence
4184,tanned
4185,lasted
4186,rule
4187,forest.
4188,radiantly
4189,beautifully.
4190,searched
4191,awake
4192,cheerfulness
4193,gardens
